injection solution,injection
injection solution syringe,injection
injection pen solution,injection
injection intravenous,injection
injection intravenous solution,injection
patch transdermal,transdermal
oral release tablet,extended release oral tablet
intravenous powder,injection
injection intravenous powder,injection
injection powder solution,injection
capsule oral release,extended release oral capsule
injection intramuscular,injection
liquid topical,topical
injection powder,injection
intravenous powder solution,injection
release tablet,extended release oral tablet
oral powder solution,oral
ophthalmic otic solution,otic
intrauterine system vaginal,vaginal
injection intramuscular powder,injection
capsule inhalation powder,oral
injection intravenous powder solution,injection
capsule release,extended release oral capsule
oral system tablet,oral tablet
gas inhalation,gas
injection suspension,injection
injection intramuscular solution,injection
inhalation liquid,inhalation
injection intramuscular pen solution,injection
chewable oral tablet,oral
powder solution,powder
injection ophthalmic,injection
injection intrathecal,injection
caplet oral,oral capsule
capsule inhalation oral powder,oral
liquid oral,oral
injection intramuscular suspension,injection
paste topical,topical
oral powder suspension,oral
film oral tablet,oral tablet
intrauterine vaginal,vaginal
patch topical,topical
nasal spray suspension,spray
injection intramuscular solution syringe,injection
oral syrup,oral
injection ophthalmic solution,injection
oral release sustained tablet,extended release oral tablet
injection intravenous pen solution,injection
injection intramuscular powder solution,injection
inhalation inhaler,inhaler
patch topical transdermal,topical
drug form oral,oral
dose inhalation inhaler powder,inhalation
film tablet,tablet
injection intramuscular powder solution suspension,injection
gel transdermal,gel
extended release tablet,extended release oral tablet
shampoo topical,topical
injection intrathecal solution,injection
chewable medicated,oral
irrigation powder,powder
inhalant inhalation,inhaler
nasal solution spray,spray
injection irrigation,injection
capsule extended release,extended release oral capsule
ophthalmic otic solution suspension,otic
effervescent tablet,tablet
buccal lozenge,buccal
dose inhaler powder,inhalation
inhalation oral powder,inhalation
insert ophthalmic,ophthalmic
dose inhalation metered,metered dose inhaler
intravenous liquid,injection
dry inhalation powder,powder
pad topical,topical
inhalation nasal spray,spray
intrathecal tablet,tablet
buccal chewable medicated,buccal
injection intravenous solution syringe,injection
injection suspension syringe,injection
gel ophthalmic otic,gel
injection pen suspension,injection
oral sublingual tablet,oral tablet
injection intravenous suspension,injection
injection powder suspension,injection
injection intramuscular suspension syringe,injection
injection intravenous ointment,injection
release sustained tablet,extended release oral tablet
ointment transdermal,transdermal
dry inhalation inhaler powder,inhalation
tape transdermal,transdermal
inhalation oral solution,inhalation
extended tablet,tablet
solution syrup,syrup
oral toothpaste,oral
spray sublingual,spray
form intravenous,injection
otic solution suspension,suspension
injection powder solution suspension,suspension
enema rectal,rectal
extended oral tablet,oral tablet
inhalation nasal,nasal
cream ointment topical,topical
granules oral suspension,oral
lotion otic topical,topical
dry oral syrup,oral
granules oral solution,oral
tape topical,topical
intravenous solution syrup,solution
capsule gel liquid oral,oral
cream transdermal,cream
dry powder,powder
capsule vaginal,vaginal
capsule gel oral,oral
inhalation oral suspension,suspension
injection oral suspension,suspension
injection irrigation solution,injection
intrauterine system topical,topical
cream ointment,cream
oral suppository,oral
chewable medicated oral,oral
ophthalmic tablet,tablet
nasal solution spray suspension,spray
oral sublingual,oral
inhalant oral,inhalant
injection intraperitoneal,injection
injection oral powder,powder
injection solution topical,solution
solution spray suspension,solution
intravenous solution topical,solution
medicated topical,topical
injection ophthalmic suspension,suspension
extended release,extended release
injection intravenous powder suspension,injection
injection intrathecal powder solution,injection
inhalation nasal spray suspension,spray
gel otic,gel
chewable gum,gum
capsule gel,capsule
intravenous liquid oral,injection
granules oral release,oral
oral solution syrup,oral
inhaler oral,inhaler
injection intrathecal solution syringe,injection
ophthalmic suspension,suspension
lotion otic,otic
ophthalmic solution topical,solution
rectal tablet,rectal
tablet transdermal,tablet
buccal oral tablet,oral tablet
implant injection,injection
inhalation pad,inhalation
liquid oral transdermal,oral
chewing gum oral,oral
implant intramuscular,intramuscular
cream topical vaginal,vaginal
intrathecal solution,solution
mouthwash oral,oral
injection oral solution syringe,solution
inhalation nasal powder,nasal
inhalation powder topical,powder
dry syrup,syrup
intravenous oral solution,solution
injection vaginal,vaginal
oral otic solution,solution
injection oral pen solution,solution
inhalation spray topical,spray
inhalation nasal solution spray,spray
gas inhalation nasal,inhalation
oral solution tablet,oral
intramuscular powder,powder
nasal solution suspension,nasal
elixir oral,oral
ointment otic topical,topical
extended oral release,extended release oral
injectable intramuscular suspension,injection
capsule gel liquid,capsule
cream ointment transdermal,cream
inhalation liquid oral,inhalation
gum oral,gum
inhalation oral spray,spray